Puzzle,Solution,Execution Time,Zeros,Guesses,Backtracks
207408609100090007000070000370602098600000001580719063800524006005060800906837102,237458619158296347469173285371642598694385721582719463813524976725961834946837152,0.00774139999703038,41,90,49
257000439300000006160000082400603005003912800090040010601537908000821000085090320,257168439348259176169374582412683795573912864896745213621537948934821657785496321,0.00665169999410864,42,48,6
000374089008100400470086003030000048507640391090000052820067005003900200000231074,216374589358129467479586123132795648587642391694813752821467935743958216965231874,0.00879419999546371,42,175,133
208369407600154003500278006004000800305080702780010045400000008052000630060843020,218369457679154283543278196124537869395486712786912345431625978852791634967843521,0.00939560000551865,41,43,2
468051739100000600000670012084030060315406007097080040000910074900000300753064291,468251739172349658539678412284137965315496827697582143826913574941725386753864291,0.00851090000651311,39,66,27
